TileWidth,MatrixSize,GPUAverage,GPUError
25,100,0.137781,0.000173
25,250,0.693653,0.004840
25,500,5.309035,0.006176
25,1000,41.340481,-nan(ind)
25,1500,136.853531,0.000000
